{
  "Random Forest": {
    "accuracy": 0.97,
    "precision": 0.970234581984582,
    "recall": 0.97
  },
  "Logistic Regression": {
    "accuracy": 0.985,
    "precision": 0.9857802964254577,
    "recall": 0.985
  },
  "SVM": {
    "accuracy": 0.99,
    "precision": 0.9906451612903225,
    "recall": 0.99
  }
}